{
  "version": "1.1.1",
  "windows": {
    "main": {
      "main": true,
      "url": "app://editor/index.html",
      "windowType": "dockable",
      "x": 92,
      "y": 42,
      "width": 1372,
      "height": 750,
      "layout": {
        "children": [
          {
            "children": [
              {
                "active": 0,
                "children": [
                  "hierarchy"
                ],
                "height": 322.6000061035156,
                "type": "panel",
                "width": 205.6125030517578
              },
              {
                "active": 0,
                "children": [
                  "assets"
                ],
                "height": 322.6000061035156,
                "type": "panel",
                "width": 205.6125030517578
              }
            ],
            "height": 647.2000122070312,
            "type": "dock-v",
            "width": 205.6125030517578
          },
          {
            "children": [
              {
                "active": 0,
                "children": [
                  "scene"
                ],
                "height": 290.13751220703125,
                "type": "panel",
                "width": 507.9750061035156
              },
              {
                "active": 0,
                "children": [
                  "console",
                  "timeline"
                ],
                "height": 355.0625,
                "type": "panel",
                "width": 507.9750061035156
              }
            ],
            "height": 647.2000122070312,
            "type": "dock-v",
            "width": 507.9750061035156
          },
          {
            "active": 0,
            "children": [
              "inspector",
              "cocos-services"
            ],
            "height": 647.2000122070312,
            "type": "panel",
            "width": 640
          }
        ],
        "type": "dock-h"
      },
      "panels": [
        "hierarchy",
        "assets",
        "console",
        "timeline",
        "inspector",
        "cocos-services",
        "scene"
      ]
    }
  },
  "panels": {
    "sprite-editor": {
      "x": 469,
      "y": 148,
      "width": 518,
      "height": 540
    }
  }
}