{
  "f8e6b000-5643-4b86-9080-aa680ce1f599": {
    "asset": 1599096190947,
    "meta": 1546827718000,
    "relativePath": "image"
  },
  "fc09f9bd-2cce-4605-b630-8145ef809ed6": {
    "asset": 1599096039816,
    "meta": 1546827718000,
    "relativePath": "misc"
  },
  "f6e6dd15-71d1-4ffe-ace7-24fd39942c05": {
    "asset": 1599096191962,
    "meta": 1546827718000,
    "relativePath": "obsolete"
  },
  "f743d2b6-b7ea-4c14-a55b-547ed4d0a045": {
    "asset": 1599096192006,
    "meta": 1546827718000,
    "relativePath": "particle"
  },
  "ae6c6c98-11e4-452f-8758-75f5c6a56e83": {
    "asset": 1599096190986,
    "meta": 1546827718000,
    "relativePath": "prefab"
  },
  "9fe9c4aa-41f8-43ee-8582-de7ebfe8a625": {
    "asset": 1605280945652,
    "meta": 1605280945675,
    "relativePath": "login.fire"
  },
  "166131d9-d214-4ed0-a83b-66ce5c969d14": {
    "asset": 1604892794032,
    "meta": 1604807856114,
    "relativePath": "scripts"
  },
  "a56b2eb3-9615-4b3b-a529-b531d290fd5a": {
    "asset": 1604807922431,
    "meta": 1604807858246,
    "relativePath": "res"
  },
  "244ba267-4d10-4e4c-b701-0539de38b09d": {
    "asset": 1604887915679,
    "meta": 1604807875532,
    "relativePath": "res\\UI"
  },
  "4704d29f-2daf-4131-897a-9ee3f1742bf3": {
    "asset": 1604807956870,
    "meta": 1604807907175,
    "relativePath": "res\\blocks"
  },
  "94a0a296-a250-47c8-9b4e-b6fbea42af9c": {
    "asset": 1604807941007,
    "meta": 1604807918978,
    "relativePath": "res\\mucic"
  },
  "afb7373d-98e7-41cf-870a-101a914e957c": {
    "asset": 1604807940983,
    "meta": 1604807941014,
    "relativePath": "res\\mucic\\Combo6.mp3"
  },
  "54a17f30-0721-4e68-bcde-b32e07f72490": {
    "asset": 1604807940983,
    "meta": 1604807941018,
    "relativePath": "res\\mucic\\hit.mp3"
  },
  "1fede062-f592-4a15-bf32-d10e8ee45691": {
    "asset": 1604807940984,
    "meta": 1604807941022,
    "relativePath": "res\\mucic\\Combo4.mp3"
  },
  "8d09d1bf-9023-4808-9830-86d54c2fa5e7": {
    "asset": 1604807940983,
    "meta": 1604807941024,
    "relativePath": "res\\mucic\\Combo1.mp3"
  },
  "bdc98390-3326-4c7e-b8b3-fdf79cc0b348": {
    "asset": 1604807940984,
    "meta": 1604807941026,
    "relativePath": "res\\mucic\\Combo2.mp3"
  },
  "045ef555-8946-4c7b-a210-098c06725635": {
    "asset": 1604807940984,
    "meta": 1604807941029,
    "relativePath": "res\\mucic\\Combo5.mp3"
  },
  "65c732cb-baba-44bb-b3a1-392e246de2d4": {
    "asset": 1604807940985,
    "meta": 1604807941033,
    "relativePath": "res\\mucic\\Combo3.mp3"
  },
  "a337cf8a-239b-4d04-b037-d985fb736033": {
    "asset": 1604807940993,
    "meta": 1604807941036,
    "relativePath": "res\\mucic\\over.mp3"
  },
  "c2802912-f50c-454c-9b7a-b737131769b8": {
    "asset": 1604807940997,
    "meta": 1604807941065,
    "relativePath": "res\\mucic\\bgMain.mp3"
  },
  "e986ef5b-8efd-4d0f-8c50-bc73c9d5a63e": {
    "asset": 1604807956859,
    "meta": 1604807956885,
    "relativePath": "res\\blocks\\b7.png"
  },
  "6e7fec8f-79dd-4603-b1ab-0b65915feed4": {
    "asset": 1604807956860,
    "meta": 1604807956887,
    "relativePath": "res\\blocks\\b2.png"
  },
  "0f8f9fa9-bdaa-4a56-bdfe-4b9d0aea05ff": {
    "asset": 1604807956860,
    "meta": 1604807956900,
    "relativePath": "res\\blocks\\b8.png"
  },
  "b68cbf11-b855-48a7-a38d-c90a9e5438fe": {
    "asset": 1604807956860,
    "meta": 1604807956902,
    "relativePath": "res\\blocks\\b9.png"
  },
  "36327a9c-8005-4453-b36c-164dd66ab889": {
    "asset": 1604807956860,
    "meta": 1604807956933,
    "relativePath": "res\\blocks\\b3.png"
  },
  "16a12059-1175-4a2d-a251-dbd9b62288e4": {
    "asset": 1604807956860,
    "meta": 1604807956936,
    "relativePath": "res\\blocks\\b4.png"
  },
  "b1c669ef-77d3-4d9b-8cd9-e1d89de1c523": {
    "asset": 1604807956861,
    "meta": 1604807956950,
    "relativePath": "res\\blocks\\b1.png"
  },
  "e9e7c214-706a-42cd-9a1b-4ec7f844ce8c": {
    "asset": 1604807956861,
    "meta": 1604807956951,
    "relativePath": "res\\blocks\\b5.png"
  },
  "28b1be37-d885-4b60-8204-50de81fc3fd0": {
    "asset": 1604807956861,
    "meta": 1604807956964,
    "relativePath": "res\\blocks\\b6.png"
  },
  "cef82bca-ab79-49da-b541-df004d5d424e": {
    "asset": 1604807979169,
    "meta": 1604807979206,
    "relativePath": "res\\UI\\logo.png"
  },
  "f44b1a4b-e46a-4d64-b2ec-36b9d87b1a07": {
    "asset": 1604807979169,
    "meta": 1604807979219,
    "relativePath": "res\\UI\\shape_1.png"
  },
  "cd3d3f73-6563-41b4-a1be-714303f2b1e8": {
    "asset": 1604807979170,
    "meta": 1604807979234,
    "relativePath": "res\\UI\\shape_0.png"
  },
  "ec7efe9e-edd9-4fcf-a4e8-85ec178660df": {
    "asset": 1604807979169,
    "meta": 1604807979236,
    "relativePath": "res\\UI\\kuang.png"
  },
  "38dc2ae8-9640-41ff-a088-8a58807f49c1": {
    "asset": 1604807979170,
    "meta": 1604807979245,
    "relativePath": "res\\UI\\button.png"
  },
  "bc976054-2e33-466d-8336-c3f424f51871": {
    "asset": 1604816930554,
    "meta": 1604807988163,
    "relativePath": "prefab"
  },
  "a9102ef4-a76e-404d-9b3f-4b502b90e99a": {
    "asset": 1604809778179,
    "meta": 1604808918585,
    "relativePath": "scripts\\login"
  },
  "05f172ed-6dc8-4b72-8849-ad7cb47cbec2": {
    "asset": 1605278914970,
    "meta": 1605278915000,
    "relativePath": "main.fire"
  },
  "54e2d309-50cb-4bb7-afc8-4730973a7feb": {
    "asset": 1604893618958,
    "meta": 1604808965071,
    "relativePath": "scripts\\main"
  },
  "8b38da0c-aea2-42dd-af60-b950987d97b6": {
    "asset": 1604810008296,
    "meta": 1604810015921,
    "relativePath": "scripts\\login\\music.js"
  },
  "ee26754a-0e62-4fbc-9f57-d44a77c581dd": {
    "asset": 1604814010869,
    "meta": 1604814021906,
    "relativePath": "scripts\\main\\main-music.js"
  },
  "90700dd7-11fa-429f-a63c-ec5364b52c90": {
    "asset": 1604816944710,
    "meta": 1604816944723,
    "relativePath": "prefab\\b1.prefab"
  },
  "590c91f0-846f-4059-8227-9f826a7c2537": {
    "asset": 1605624357468,
    "meta": 1605624357482,
    "relativePath": "text.fire"
  },
  "c75436cc-7612-40a3-956f-0689af2b9d21": {
    "asset": 1604887915666,
    "meta": 1604887915757,
    "relativePath": "res\\UI\\Button2.png"
  },
  "2b80e327-bdc8-4946-97a2-c7c649103ccc": {
    "asset": 1604890198946,
    "meta": 1604890199905,
    "relativePath": "scripts\\login\\canvans.js"
  },
  "d24312c4-c9af-4660-8ff3-7cb999f25bf1": {
    "asset": 1604893652930,
    "meta": 1604892788682,
    "relativePath": "scripts\\text"
  },
  "e851e89b-faa2-4484-bea6-5c01dd9f06e2": {
    "asset": 1546827718000,
    "meta": 1604893110994,
    "relativePath": "image\\default_btn_normal.png"
  },
  "71561142-4c83-4933-afca-cb7a17f67053": {
    "asset": 1546827718000,
    "meta": 1604893110996,
    "relativePath": "image\\default_btn_disabled.png"
  },
  "b43ff3c2-02bb-4874-81f7-f2dea6970f18": {
    "asset": 1546827718000,
    "meta": 1604893111007,
    "relativePath": "image\\default_btn_pressed.png"
  },
  "edd215b9-2796-4a05-aaf5-81f96c9281ce": {
    "asset": 1546827718000,
    "meta": 1604893111009,
    "relativePath": "image\\default_editbox_bg.png"
  },
  "d81ec8ad-247c-4e62-aa3c-d35c4193c7af": {
    "asset": 1546827718000,
    "meta": 1604893111021,
    "relativePath": "image\\default_panel.png"
  },
  "99170b0b-d210-46f1-b213-7d9e3f23098a": {
    "asset": 1546827718000,
    "meta": 1604893111024,
    "relativePath": "image\\default_progressbar_bg.png"
  },
  "567dcd80-8bf4-4535-8a5a-313f1caf078a": {
    "asset": 1546827718000,
    "meta": 1604893111033,
    "relativePath": "image\\default_radio_button_off.png"
  },
  "cfef78f1-c8df-49b7-8ed0-4c953ace2621": {
    "asset": 1546827718000,
    "meta": 1604893111035,
    "relativePath": "image\\default_progressbar.png"
  },
  "9d60001f-b5f4-4726-a629-2659e3ded0b8": {
    "asset": 1546827718000,
    "meta": 1604893111046,
    "relativePath": "image\\default_radio_button_on.png"
  },
  "4bab67cb-18e6-4099-b840-355f0473f890": {
    "asset": 1546827718000,
    "meta": 1604893111048,
    "relativePath": "image\\default_scrollbar_bg.png"
  },
  "617323dd-11f4-4dd3-8eec-0caf6b3b45b9": {
    "asset": 1546827718000,
    "meta": 1604893111057,
    "relativePath": "image\\default_scrollbar_vertical_bg.png"
  },
  "d6d3ca85-4681-47c1-b5dd-d036a9d39ea2": {
    "asset": 1546827718000,
    "meta": 1604893111059,
    "relativePath": "image\\default_scrollbar_vertical.png"
  },
  "0291c134-b3da-4098-b7b5-e397edbe947f": {
    "asset": 1546827718000,
    "meta": 1604893111069,
    "relativePath": "image\\default_scrollbar.png"
  },
  "0275e94c-56a7-410f-bd1a-fc7483f7d14a": {
    "asset": 1546827718000,
    "meta": 1604893111071,
    "relativePath": "image\\default_sprite_splash.png"
  },
  "6e056173-d285-473c-b206-40a7fff5386e": {
    "asset": 1546827718000,
    "meta": 1604893111080,
    "relativePath": "image\\default_sprite.png"
  },
  "73a0903d-d80e-4e3c-aa67-f999543c08f5": {
    "asset": 1546827718000,
    "meta": 1604893111082,
    "relativePath": "image\\default_toggle_checkmark.png"
  },
  "c25b9d50-c8fc-4d27-beeb-6e7c1f2e5c0f": {
    "asset": 1546827718000,
    "meta": 1604893111121,
    "relativePath": "image\\default_toggle_disabled.png"
  },
  "d29077ba-1627-4a72-9579-7b56a235340c": {
    "asset": 1546827718000,
    "meta": 1604893111124,
    "relativePath": "image\\default_toggle_normal.png"
  },
  "2be36297-9abb-4fee-8049-9ed5e271da8a": {
    "asset": 1546827718000,
    "meta": 1604893111130,
    "relativePath": "misc\\default_video.mp4"
  },
  "b181c1e4-0a72-4a91-bfb0-ae6f36ca60bd": {
    "asset": 1546827718000,
    "meta": 1604893111134,
    "relativePath": "image\\default_toggle_pressed.png"
  },
  "b8223619-7e38-47c4-841f-9160c232495a": {
    "asset": 1546827718000,
    "meta": 1604893111223,
    "relativePath": "obsolete\\atom.plist"
  },
  "8a96b965-2dc0-4e03-aa90-3b79cb93b5b4": {
    "asset": 1546827718000,
    "meta": 1604893111148,
    "relativePath": "obsolete\\atom.png"
  },
  "b2687ac4-099e-403c-a192-ff477686f4f5": {
    "asset": 1546827718000,
    "meta": 1604893111224,
    "relativePath": "particle\\atom.plist"
  },
  "d0a82d39-bede-46c4-b698-c81ff0dedfff": {
    "asset": 1546827718000,
    "meta": 1604893111150,
    "relativePath": "particle\\atom.png"
  },
  "972b9a4d-47ee-4c74-b5c3-61d8a69bc29f": {
    "asset": 1546827718000,
    "meta": 1604893111153,
    "relativePath": "prefab\\button.prefab"
  },
  "2c937608-2562-40ea-b264-7395df6f0cea": {
    "asset": 1546827718000,
    "meta": 1604893111156,
    "relativePath": "prefab\\canvas.prefab"
  },
  "27756ebb-3d33-44b0-9b96-e858fadd4dd4": {
    "asset": 1546827718000,
    "meta": 1604893111160,
    "relativePath": "prefab\\label.prefab"
  },
  "61aeb05b-3b32-452b-8eed-2b76deeed554": {
    "asset": 1546827718000,
    "meta": 1604893111161,
    "relativePath": "prefab\\editbox.prefab"
  },
  "785a442c-3ceb-45be-a46e-7317f625f3b9": {
    "asset": 1546827718000,
    "meta": 1604893111164,
    "relativePath": "prefab\\layout.prefab"
  },
  "ca8401fe-ad6e-41a8-bd46-8e3e4e9945be": {
    "asset": 1546827718000,
    "meta": 1604893111165,
    "relativePath": "prefab\\pageview.prefab"
  },
  "cd33edea-55f5-46c2-958d-357a01384a36": {
    "asset": 1546827718000,
    "meta": 1604893111175,
    "relativePath": "prefab\\particlesystem.prefab"
  },
  "5965ffac-69da-4b55-bcde-9225d0613c28": {
    "asset": 1546827718000,
    "meta": 1604893111176,
    "relativePath": "prefab\\progressBar.prefab"
  },
  "4a37dd57-78cd-4cec-aad4-f11a73d12b63": {
    "asset": 1546827718000,
    "meta": 1604893111180,
    "relativePath": "prefab\\richtext.prefab"
  },
  "32044bd2-481f-4cf1-a656-e2b2fb1594eb": {
    "asset": 1546827718000,
    "meta": 1604893111181,
    "relativePath": "prefab\\scrollview.prefab"
  },
  "0004d1cf-a0ad-47d8-ab17-34d3db9d35a3": {
    "asset": 1546827718000,
    "meta": 1604893111184,
    "relativePath": "prefab\\slider.prefab"
  },
  "1f55e3be-b89b-4b79-88de-47fd31018044": {
    "asset": 1546827718000,
    "meta": 1604893111185,
    "relativePath": "prefab\\sprite_splash.prefab"
  },
  "96083d03-c332-4a3f-9386-d03e2d19e8ee": {
    "asset": 1546827718000,
    "meta": 1604893111187,
    "relativePath": "prefab\\sprite.prefab"
  },
  "7de03a80-4457-438d-95a7-3e7cdffd6086": {
    "asset": 1546827718000,
    "meta": 1604893111189,
    "relativePath": "prefab\\tiledmap.prefab"
  },
  "0e42ba95-1fa1-46aa-b2cf-143cd1bcee2c": {
    "asset": 1546827718000,
    "meta": 1604893111192,
    "relativePath": "prefab\\tiledtile.prefab"
  },
  "0d784963-d024-4ea6-a7db-03be0ad63010": {
    "asset": 1546827718000,
    "meta": 1604893111194,
    "relativePath": "prefab\\toggle.prefab"
  },
  "bf0a434c-84dd-4a8e-a08a-7a36f180cc75": {
    "asset": 1546827718000,
    "meta": 1604893111197,
    "relativePath": "prefab\\toggleContainer.prefab"
  },
  "d1b8be49-b0a0-435c-83b7-552bed4bbe35": {
    "asset": 1546827718000,
    "meta": 1604893111199,
    "relativePath": "prefab\\toggleGroup.prefab"
  },
  "232d2782-c4bd-4bb4-9e01-909f03d6d3b9": {
    "asset": 1546827718000,
    "meta": 1604893111201,
    "relativePath": "prefab\\videoplayer.prefab"
  },
  "8c5001fd-07ee-4a4b-a8a0-63e15195e94d": {
    "asset": 1546827718000,
    "meta": 1604893111202,
    "relativePath": "prefab\\webview.prefab"
  },
  "4716979d-3136-4489-8104-18bede71fa76": {
    "asset": 1605592599825,
    "meta": 1605592641833,
    "relativePath": "scripts\\text\\main-canvas.js"
  },
  "80555103-6dc0-4382-a83d-37b9ddb25c5c": {
    "asset": 1605593665506,
    "meta": 1605594178868,
    "relativePath": "scripts\\text\\main-blockManager.js"
  },
  "45a0f7d6-2944-4b57-8e94-e1d653c47c31": {
    "asset": 1605624302454,
    "meta": 1605624352707,
    "relativePath": "scripts\\main\\text-blockManager.js"
  },
  "e8417d9e-8adb-46ab-90c5-6a2589ca79b0": {
    "asset": 1605624310049,
    "meta": 1605624352708,
    "relativePath": "scripts\\main\\text-canvas.js"
  }
}